mobile_name,mobile_price
 Apple iPhone 15 128GB Blue ,"₹71,090.00"
" Xiaomi Redmi A2 64 GB, 2 GB RAM, Blue, Mobile Phone ","₹5,299.00"
 Apple iPhone 15 128GB Black ,"₹71,090.00"
 Apple iPhone 15 128GB Pink ,"₹71,090.00"
" Samsung Galaxy M14 5G 128 GB, 6 GB RAM, Icy Silver, Mobile Phone ","₹12,090.00"
" Xiaomi Redmi A2 64 GB, 2 GB RAM, Green, Mobile Phone ","₹5,299.00"
" Samsung Galaxy M14 5G 128 GB, 6 GB RAM, Smoky Teal, Mobile Phone ","₹12,090.00"
 Apple iPhone 15 128GB Green ,"₹71,090.00"
" Realme C55 DLC 64GB, 4 GB RAM, Sunshower, Mobile Phone ","₹7,999.00"
" Apple iPad 10th Gen (2022) 27.69 cm (10.9 inch) Wi-Fi Tablet, 64 GB, Silver, MPQ03HN/A ","₹33,900.00"
" Tecno POP 8 64 GB, 4 GB RAM, Black, Mobile Phone ","₹6,799.00"
" Apple iPhone 15 Plus 128 GB, Blue ","₹80,500.00"
